,C1,C2,C3,C4,C5,C6,C7,C8,C9,C10,C11,C12,C13,C14,C15,C16,C17,C18,C19,C20,C21,C22
0,0.0,0.0,0.0,0.0,0.0,0.0,0.0,0.0,0.0,0.0,0.0,0.0,0.0,0.0,0.0,0.0,0.0,0.0,0.0,0.0,0.0,0.0
1,0.0,0.0,0.0,0.0,0.0,0.0,0.0,0.0,0.0,0.0,0.0,0.0,0.0,0.0,0.0,0.0,0.0,0.0,0.0,0.0,0.0,0.0
2,0.0,0.0,0.0,0.0,0.0,0.0,0.0,0.0,0.0,0.0,0.0,0.0,0.0,0.0,0.0,0.0,0.0,0.0,0.0,0.0,0.0,0.0
3,0.0,0.0,0.0,0.0,0.0,0.0,0.0,0.0,0.0,0.0,0.0,0.0,0.0,0.0,0.0,0.0,0.0,0.0,0.0,0.0,0.0,0.0
4,0.0,0.0,0.0,0.0,0.0,0.0,0.0,0.0,0.0,0.0,0.0,0.0,0.0,0.0,0.0,0.0,0.0,0.0,0.0,0.0,0.0,0.0
5,0.0,0.0,0.0,0.0,0.0,0.0,0.0,0.0,0.0,0.0,0.0,0.0,0.0,0.0,0.0,0.0,0.0,0.0,0.0,0.0,0.0,0.0
6,0.0,0.0,0.0,0.0,0.0,0.0,0.0,0.0,0.0,0.0,0.0,0.0,0.0,0.0,0.0,0.0,0.0,0.0,0.0,0.0,0.0,0.0
7,0.0,0.0,0.0,0.0,0.0,0.0,0.0,0.0,0.0,0.0,0.0,0.0,0.0,0.0,0.0,0.0,0.0,0.0,0.0,0.0,0.0,0.0
8,0.0,0.0,0.0,0.0,0.0,0.0,0.0,0.0,0.0,0.0,0.0,0.0,0.0,0.0,0.0,0.0,0.0,0.0,0.0,0.0,0.0,0.0
9,0.0,0.0,0.0,0.0,0.0,0.0,0.0,0.0,0.0,0.0,0.0,0.0,0.0,0.0,0.0,0.0,0.0,0.0,0.0,0.0,0.0,0.0
10,0.0,0.0,0.0,0.0,0.0,0.0,0.0,0.0,0.0,0.0,0.0,0.0,0.0,0.0,0.0,0.0,0.0,0.0,0.0,0.0,0.0,0.0
11,0.0,0.0,0.0,0.0,0.0,0.0,0.0,0.0,0.0,0.0,0.0,0.0,0.0,0.0,0.0,0.0,0.0,0.0,0.0,0.0,0.0,0.0
12,0.0,0.0,0.0,0.0,0.0,0.0,0.0,0.0,0.0,0.0,0.0,0.0,0.0,0.0,0.0,0.0,0.0,0.0,0.0,0.0,0.0,0.0
13,0.0,0.0,0.0,0.0,0.0,0.0,0.0,0.0,0.0,0.0,0.0,0.0,0.0,0.0,0.0,0.0,0.0,0.0,0.0,0.0,0.0,0.0
14,0.0,0.0,0.0,0.0,0.0,0.0,0.0,0.0,0.0,0.0,0.0,0.0,0.0,0.0,0.0,0.0,0.0,0.0,0.0,0.0,0.0,0.0
15,0.0,0.0,0.0,0.0,0.0,0.0,0.0,0.0,0.0,0.0,0.0,0.0,0.0,0.0,0.0,0.0,0.0,0.0,0.0,0.0,0.0,0.0
16,0.0,0.0,0.0,0.0,0.0,0.0,0.0,0.0,0.0,0.0,0.0,0.0,0.0,0.0,0.0,0.0,0.0,0.0,0.0,0.0,0.0,0.0
17,0.0,0.0,0.0,0.0,0.0,0.0,0.0,0.0,0.0,0.0,0.0,0.0,0.0,0.0,0.0,0.0,0.0,0.0,0.0,0.0,0.0,0.0
18,0.0,0.0,0.0,0.0,0.0,0.0,0.0,0.0,0.0,0.0,0.0,0.0,0.0,0.0,0.0,0.0,0.0,0.0,0.0,0.0,0.0,0.0
19,0.0,0.0,0.0,0.0,0.0,0.0,0.0,0.0,0.0,0.0,0.0,0.0,0.0,0.0,0.0,0.0,0.0,0.0,0.0,0.0,0.0,0.0
20,0.0,0.0,0.0,0.0,0.0,0.0,0.0,0.0,0.0,0.0,0.0,0.0,0.0,0.0,0.0,0.0,0.0,0.0,0.0,0.0,0.0,0.0
21,0.0,0.0,0.0,0.0,0.0,0.0,0.0,0.0,0.0,0.0,0.0,0.0,0.0,0.0,0.0,0.0,0.0,0.0,0.0,0.0,0.0,0.0
22,0.0,0.0,0.0,0.0,0.0,0.0,0.0,0.0,0.0,0.0,0.0,0.0,0.0,0.0,0.0,0.0,0.0,0.0,0.0,0.0,0.0,0.0
23,0.0,0.0,0.0,0.0,0.0,0.0,0.0,0.0,0.0,0.0,0.0,0.0,0.0,0.0,0.0,0.0,0.0,0.0,0.0,0.0,0.0,0.0
24,0.0,0.0,0.0,0.0,0.0,0.0,0.0,0.0,0.0,0.0,0.0,0.0,0.0,0.0,0.0,0.0,0.0,0.0,0.0,0.0,0.0,0.0
25,0.0,0.0,0.0,0.0,0.0,0.0,0.0,0.0,0.0,0.0,0.0,0.0,0.0,0.0,0.0,0.0,0.0,0.0,0.0,0.0,0.0,0.0
26,0.0,0.0,0.0,0.0,0.0,0.0,0.0,0.0,0.0,0.0,0.0,0.0,0.0,0.0,0.0,0.0,0.0,0.0,0.0,0.0,0.0,0.0
27,0.0,0.0,0.0,0.0,0.0,0.0,0.0,0.0,0.0,0.0,0.0,0.0,0.0,0.0,0.0,0.0,0.0,0.0,0.0,0.0,0.0,0.0
28,0.0,0.0,0.0,0.0,0.0,0.0,0.0,0.0,0.0,0.0,0.0,0.0,0.0,0.0,0.0,0.0,0.0,0.0,0.0,0.0,0.0,0.0
29,0.0,0.0,0.0,0.0,0.0,0.0,0.0,0.0,0.0,0.0,0.0,0.0,0.0,0.0,0.0,0.0,0.0,0.0,0.0,0.0,0.0,0.0
30,0.0,0.0,0.0,0.0,0.0,0.0,0.0,0.0,0.0,0.0,0.0,0.0,0.0,0.0,0.0,0.0,0.0,0.0,0.0,0.0,0.0,0.0
31,0.0,0.0,0.0,0.0,0.0,0.0,0.0,0.0,0.0,0.0,0.0,0.0,0.0,0.0,0.0,0.0,0.0,0.0,0.0,0.0,0.0,0.0
32,0.0,0.0,0.0,0.0,0.0,0.0,0.0,0.0,0.0,0.0,0.0,0.0,0.0,0.0,0.0,0.0,0.0,0.0,0.0,0.0,0.0,0.0
33,0.0,0.0,0.0,0.0,0.0,0.0,0.0,0.0,0.0,0.0,0.0,0.0,0.0,0.0,0.0,0.0,0.0,0.0,0.0,0.0,0.0,0.0
34,0.0,0.0,0.0,0.0,0.0,0.0,0.0,0.0,0.0,0.0,0.0,0.0,0.0,0.0,0.0,0.0,0.0,0.0,0.0,0.0,0.0,0.0
35,0.0,0.0,0.0,0.0,0.0,0.0,0.0,0.0,0.0,0.0,0.0,0.0,0.0,0.0,0.0,0.0,0.0,0.0,0.0,0.0,0.0,0.0
36,0.0,0.0,0.0,0.0,0.0,0.0,0.0,0.0,0.0,0.0,0.0,0.0,0.0,0.0,0.0,0.0,0.0,0.0,0.0,0.0,0.0,0.0
37,0.0,0.0,0.0,0.0,0.0,0.0,0.0,0.0,0.0,0.0,0.0,0.0,0.0,0.0,0.0,0.0,0.0,0.0,0.0,0.0,0.0,0.0
38,0.0,0.0,0.0,0.0,0.0,0.0,0.0,0.0,0.0,0.0,0.0,0.0,0.0,0.0,0.0,0.0,0.0,0.0,0.0,0.0,0.0,0.0
39,0.0,0.0,0.0,0.0,0.0,0.0,0.0,0.0,0.0,0.0,0.0,0.0,0.0,0.0,0.0,0.0,0.0,0.0,0.0,0.0,0.0,0.0
40,0.0,0.0,0.0,0.0,0.0,0.0,0.0,0.0,0.0,0.0,0.0,0.0,0.0,0.0,0.0,0.0,0.0,0.0,0.0,0.0,0.0,0.0
41,0.0,0.0,0.0,0.0,0.0,0.0,0.0,0.0,0.0,0.0,0.0,0.0,0.0,0.0,0.0,0.0,0.0,0.0,0.0,0.0,0.0,0.0
42,0.0,0.0,0.0,0.0,0.0,0.0,0.0,0.0,0.0,0.0,0.0,0.0,0.0,0.0,0.0,0.0,0.0,0.0,0.0,0.0,0.0,0.0
43,0.0,0.0,0.0,0.0,0.0,0.0,0.0,0.0,0.0,0.0,0.0,0.0,0.0,0.0,0.0,0.0,0.0,0.0,0.0,0.0,0.0,0.0
44,0.0,0.0,0.0,0.0,0.0,0.0,0.0,0.0,0.0,0.0,0.0,0.0,0.0,0.0,0.0,0.0,0.0,0.0,0.0,0.0,0.0,0.0
45,0.0,0.0,0.0,0.0,0.0,0.0,0.0,0.0,0.0,0.0,0.0,0.0,0.0,0.0,0.0,0.0,0.0,0.0,0.0,0.0,0.0,0.0
46,0.0,0.0,0.0,0.0,0.0,0.0,0.0,0.0,0.0,0.0,0.0,0.0,0.0,0.0,0.0,0.0,0.0,0.0,0.0,0.0,0.0,0.0
47,0.0,0.0,0.0,0.0,0.0,0.0,0.0,0.0,0.0,0.0,0.0,0.0,0.0,0.0,0.0,0.0,0.0,0.0,0.0,0.0,0.0,0.0
48,0.0,0.0,0.0,0.0,0.0,0.0,0.0,0.0,0.0,0.0,0.0,0.0,0.0,0.0,0.0,0.0,0.0,0.0,0.0,0.0,0.0,0.0
49,0.0,0.0,0.0,0.0,0.0,0.0,0.0,0.0,0.0,0.0,0.0,0.0,0.0,0.0,0.0,0.0,0.0,0.0,0.0,0.0,0.0,0.0
50,0.0,0.0,0.0,0.0,0.0,0.0,0.0,0.0,0.0,0.0,0.0,0.0,0.0,0.0,0.0,0.0,0.0,0.0,0.0,0.0,0.0,0.0
51,0.0,0.0,0.0,0.0,0.0,0.0,0.0,0.0,0.0,0.0,0.0,0.0,0.0,0.0,0.0,0.0,0.0,0.0,0.0,0.0,0.0,0.0
52,0.0,0.0,0.0,0.0,0.0,0.0,0.0,0.0,0.0,0.0,0.0,0.0,0.0,0.0,0.0,0.0,0.0,0.0,0.0,0.0,0.0,0.0
53,0.0,0.0,0.0,0.0,0.0,0.0,0.0,0.0,0.0,0.0,0.0,0.0,0.0,0.0,0.0,0.0,0.0,0.0,0.0,0.0,0.0,0.0
54,0.0,0.0,0.0,0.0,0.0,0.0,0.0,0.0,0.0,0.0,0.0,0.0,0.0,0.0,0.0,0.0,0.0,0.0,0.0,0.0,0.0,0.0
55,0.0,0.0,0.0,0.0,0.0,0.0,0.0,0.0,0.0,0.0,0.0,0.0,0.0,0.0,0.0,0.0,0.0,0.0,0.0,0.0,0.0,0.0
56,0.0,0.0,0.0,0.0,0.0,0.0,0.0,0.0,0.0,0.0,0.0,0.0,0.0,0.0,0.0,0.0,0.0,0.0,0.0,0.0,0.0,0.0
57,0.0,0.0,0.0,0.0,0.0,0.0,0.0,0.0,0.0,0.0,0.0,0.0,0.0,0.0,0.0,0.0,0.0,0.0,0.0,0.0,0.0,0.0
58,0.0,0.0,0.0,0.0,0.0,0.0,0.0,0.0,0.0,0.0,0.0,0.0,0.0,0.0,0.0,0.0,0.0,0.0,0.0,0.0,0.0,0.0
59,0.0,0.0,0.0,0.0,0.0,0.0,0.0,0.0,0.0,0.0,0.0,0.0,0.0,0.0,0.0,0.0,0.0,0.0,0.0,0.0,0.0,0.0
60,0.0,0.0,0.0,0.0,0.0,0.0,0.0,0.0,0.0,0.0,0.0,0.0,0.0,0.0,0.0,0.0,0.0,0.0,0.0,0.0,0.0,0.0
61,0.0,0.0,0.0,0.0,0.0,0.0,0.0,0.0,0.0,0.0,0.0,0.0,0.0,0.0,0.0,0.0,0.0,0.0,0.0,0.0,0.0,0.0
62,0.0,0.0,0.0,0.0,0.0,0.0,0.0,0.0,0.0,0.0,0.0,0.0,0.0,0.0,0.0,0.0,0.0,0.0,0.0,0.0,0.0,0.0
63,0.0,0.0,0.0,0.0,0.0,0.0,0.0,0.0,0.0,0.0,0.0,0.0,0.0,0.0,0.0,0.0,0.0,0.0,0.0,0.0,0.0,0.0
64,0.0,22489182.153473713,13366424.88961438,49093137.05270645,33044547.352814108,43673944.1335578,0.0,13389481.234571017,44413957.13356448,29507531.809299618,44529091.20842379,0.0,31068518.32842488,0.0,64679316.791662276,20689252.973526683,66413558.83822022,0.0,0.0,29992755.645945504,27745627.299115114,0.0
65,0.0,3009065.5189704676,1735408.7199973508,6033089.992803483,3961587.745289737,5516105.81515207,0.0,1701512.4748411821,5625168.753871991,3953587.958045998,5596458.386212578,0.0,3891314.9904344063,0.0,7721974.505745082,2724113.235189109,8248945.4274126645,0.0,0.0,3886000.5498691504,3537704.5678791474,0.0
66,0.0,1591413.5263966012,949676.2549299317,3050452.209596233,1912733.7205208843,2872835.378588758,0.0,850902.7402920789,2807943.583730139,2098540.2765606344,2895956.061576171,0.0,2010880.3371194866,0.0,3710888.823070166,1414349.0926526883,4024002.964460495,0.0,0.0,1991402.362070014,1981841.590361004,0.0
67,0.0,1591413.5263966012,949676.2549299317,3050452.209596233,1912733.7205208843,2872835.378588758,0.0,850902.7402920789,2807943.583730139,2098540.2765606344,2895956.061576171,0.0,2010880.3371194866,0.0,3710888.823070166,1414349.0926526883,4024002.964460495,0.0,0.0,1991402.362070014,1981841.590361004,0.0
68,0.0,199873.58981647744,78350.39900065289,152211.53044899012,89086.90769863254,154108.72504500046,0.0,45949.546476327225,179865.70899977264,171680.54554714472,125675.3531609627,0.0,105791.18216811198,0.0,206818.9955363896,82541.8034671797,188849.52772149217,0.0,0.0,115679.8455177472,144851.53787483272,0.0
69,0.0,124449.13757706441,78350.39900065289,143443.39780640192,89086.90769863254,126794.44182892743,0.0,45949.546476327225,127344.19674396554,144263.2499640044,106370.30974621889,0.0,80943.92980574966,0.0,165599.2605583895,73642.0526918066,198863.92322701542,0.0,0.0,89745.11923114808,112962.24200048509,0.0
70,0.0,124449.13757706441,74794.39529335602,113303.7979744953,96006.56394874286,126794.44182892743,0.0,32208.326179301665,97665.70016616293,144263.2499640044,106370.30974621889,0.0,72653.5194466373,0.0,165599.2605583895,73642.0526918066,158891.9821640996,0.0,0.0,89745.11923114808,112962.24200048509,0.0
71,0.0,97558.6060754856,51676.054292496134,113303.7979744953,89087.49242095856,118169.32739122587,0.0,26925.7638841361,97665.70016616293,87446.31369410556,101556.3329659932,0.0,72653.5194466373,0.0,161751.71196920096,64808.86284641886,158891.9821640996,0.0,0.0,84843.77387805312,111314.87151245991,0.0
72,0.0,97558.6060754856,51676.054292496134,76730.51042384941,39470.8717274732,92901.72505698558,0.0,26925.7638841361,98979.74612148131,87446.31369410556,91516.27528074144,0.0,69086.23444591815,0.0,82279.61610848554,64808.86284641886,106441.1465284421,0.0,0.0,84843.77387805312,111314.87151245991,0.0
73,0.0,90546.85395604916,33325.2913335395,76730.51042384941,39470.8717274732,92901.72505698558,0.0,21664.738425744443,98979.74612148131,113967.61281984313,91516.27528074144,0.0,69086.23444591815,0.0,82279.61610848554,37754.35512650018,106441.1465284421,0.0,0.0,66908.66333894507,75210.81871532068,0.0
74,0.0,90546.85395604916,33325.2913335395,76575.9899591874,29334.92885858357,74706.83886345851,0.0,21664.738425744443,83675.57985843014,113967.61281984313,68595.06249071499,0.0,47571.1959827933,0.0,72505.32587218776,37754.35512650018,97034.792529713,0.0,0.0,57437.467794386896,75210.81871532068,0.0
75,0.0,98108.99444007293,38527.27520568307,76575.9899591874,29334.92885858357,74706.83886345851,0.0,18476.063562172552,83675.57985843014,77506.00188772184,68595.06249071499,0.0,47571.1959827933,0.0,72505.32587218776,34250.41052974511,97034.792529713,0.0,0.0,57437.467794386896,68010.76949773937,0.0
76,0.0,98108.99444007293,22442.633442163344,45202.50119236267,28316.96620759238,49181.50389622597,0.0,15367.238552272098,52875.19622495446,57666.618109711024,38967.068543186426,0.0,28702.124329351096,0.0,49452.234299645,24931.641350294256,55647.35287449441,0.0,0.0,30083.891697583065,53953.588542418554,0.0
77,0.0,91393.7585549333,21947.11488710223,24922.356675368923,13386.36134967036,29178.89907767352,0.0,15367.238552272098,52875.19622495446,57666.618109711024,36899.05724799601,0.0,27475.97375135062,0.0,24765.637229179072,16072.912465584865,36563.243269474304,0.0,0.0,31186.17424432666,53953.588542418554,0.0
78,0.0,26153.104063112773,21947.11488710223,24922.356675368923,13386.36134967036,31705.142743759563,0.0,10460.115022270425,40652.64894818846,31691.135420717575,16293.402658915806,0.0,27475.97375135062,0.0,24765.637229179072,16072.912465584865,36563.243269474304,0.0,0.0,31186.17424432666,28975.72170851354,0.0
79,0.0,22929.10569545943,2625.2017767838274,17580.448428727734,9724.18992142729,31705.142743759563,0.0,10460.115022270425,15288.93794625287,30074.55508298294,16293.402658915806,0.0,9436.032807113708,0.0,14152.74955943854,1994.399516229261,31949.084918746692,0.0,0.0,15805.127034243113,17206.110370853563,0.0
80,0.0,2.3043074112220917e-05,0.0003445998256997637,5.899038246684136e-06,2.635892117998286e-05,8.956252799499983e-05,0.0,0.00019446959721614856,2.2558180644503828e-05,9.993359194639451e-05,0.0002985385408440043,0.0,3.405606596599178e-05,0.0,3.646609872619085e-05,0.0037659050125526646,1.040057268019555e-05,0.0,0.0,0.00011211335062124734,4.6730839813204704e-05,0.0
81,0.0,8.867676163928492e-07,2.9960459218082124e-05,3.843448811865806e-06,3.83993454708859e-06,8.956252799499983e-05,0.0,2.456908639364319e-10,2.2558180644503828e-05,9.993359194639451e-05,2.6264436927391645e-05,0.0,3.405606596599178e-05,0.0,3.646609872619085e-05,0.00011744491426295139,3.5013657666724325e-06,0.0,0.0,2.9668649241136006e-05,1.9212275977839517e-05,0.0
82,0.0,7.243608219952121e-09,2.9960459218082124e-05,3.843448811865806e-06,1.8281065442827062e-08,5.5277962416699055e-05,0.0,1.581779498316183e-05,1.894277474783766e-05,5.9986760291678405e-06,1.959188316353273e-05,0.0,7.657885285328857e-07,0.0,9.261400978923872e-06,2.7172963058763423e-05,1.0391953452902874e-05,0.0,0.0,5.571212822713641e-06,4.634918703766001e-06,0.0
83,0.0,2.2192658485284914e-09,6.395351922917376e-08,3.2422013457061135e-10,4.0729364854724233e-11,1.5844596185569336e-05,0.0,2.811774299340525e-05,4.241334156840652e-07,1.905534723656391e-05,1.959188316353273e-05,0.0,4.70212766461322e-10,0.0,2.869754586312743e-09,0.00013802228349351305,1.0391953452902874e-05,0.0,0.0,5.363119436025929e-10,4.634918703766001e-06,0.0
84,0.0,0.0,0.0,0.0,0.0,0.0,0.0,0.0,0.0,0.0,0.0,0.0,0.0,0.0,0.0,0.0,0.0,0.0,0.0,0.0,0.0,0.0
85,0.0,0.0,0.0,0.0,0.0,0.0,0.0,0.0,0.0,0.0,0.0,0.0,0.0,0.0,0.0,0.0,0.0,0.0,0.0,0.0,0.0,0.0
86,0.0,0.0,0.0,0.0,0.0,0.0,0.0,0.0,0.0,0.0,0.0,0.0,0.0,0.0,0.0,0.0,0.0,0.0,0.0,0.0,0.0,0.0
87,0.0,0.0,0.0,0.0,0.0,0.0,0.0,0.0,0.0,0.0,0.0,0.0,0.0,0.0,0.0,0.0,0.0,0.0,0.0,0.0,0.0,0.0
88,0.0,0.0,0.0,0.0,0.0,0.0,0.0,0.0,0.0,0.0,0.0,0.0,0.0,0.0,0.0,0.0,0.0,0.0,0.0,0.0,0.0,0.0
89,0.0,0.0,0.0,0.0,0.0,0.0,0.0,0.0,0.0,0.0,0.0,0.0,0.0,0.0,0.0,0.0,0.0,0.0,0.0,0.0,0.0,0.0
90,0.0,0.0,0.0,0.0,0.0,0.0,0.0,0.0,0.0,0.0,0.0,0.0,0.0,0.0,0.0,0.0,0.0,0.0,0.0,0.0,0.0,0.0
91,0.0,0.0,0.0,0.0,0.0,0.0,0.0,0.0,0.0,0.0,0.0,0.0,0.0,0.0,0.0,0.0,0.0,0.0,0.0,0.0,0.0,0.0
92,0.0,0.0,0.0,0.0,0.0,0.0,0.0,0.0,0.0,0.0,0.0,0.0,0.0,0.0,0.0,0.0,0.0,0.0,0.0,0.0,0.0,0.0
93,0.0,0.0,0.0,0.0,0.0,0.0,0.0,0.0,0.0,0.0,0.0,0.0,0.0,0.0,0.0,0.0,0.0,0.0,0.0,0.0,0.0,0.0
94,0.0,0.0,0.0,0.0,0.0,0.0,0.0,0.0,0.0,0.0,0.0,0.0,0.0,0.0,0.0,0.0,0.0,0.0,0.0,0.0,0.0,0.0
95,0.0,0.0,0.0,0.0,0.0,0.0,0.0,0.0,0.0,0.0,0.0,0.0,0.0,0.0,0.0,0.0,0.0,0.0,0.0,0.0,0.0,0.0
96,0.0,0.0,0.0,0.0,0.0,0.0,0.0,0.0,0.0,0.0,0.0,0.0,0.0,0.0,0.0,0.0,0.0,0.0,0.0,0.0,0.0,0.0
97,0.0,0.0,0.0,0.0,0.0,0.0,0.0,0.0,0.0,0.0,0.0,0.0,0.0,0.0,0.0,0.0,0.0,0.0,0.0,0.0,0.0,0.0
98,0.0,0.0,0.0,0.0,0.0,0.0,0.0,0.0,0.0,0.0,0.0,0.0,0.0,0.0,0.0,0.0,0.0,0.0,0.0,0.0,0.0,0.0
99,0.0,0.0,0.0,0.0,0.0,0.0,0.0,0.0,0.0,0.0,0.0,0.0,0.0,0.0,0.0,0.0,0.0,0.0,0.0,0.0,0.0,0.0
100,0.0,0.0,0.0,0.0,0.0,0.0,0.0,0.0,0.0,0.0,0.0,0.0,0.0,0.0,0.0,0.0,0.0,0.0,0.0,0.0,0.0,0.0
101,0.0,0.0,0.0,0.0,0.0,0.0,0.0,0.0,0.0,0.0,0.0,0.0,0.0,0.0,0.0,0.0,0.0,0.0,0.0,0.0,0.0,0.0
102,0.0,0.0,0.0,0.0,0.0,0.0,0.0,0.0,0.0,0.0,0.0,0.0,0.0,0.0,0.0,0.0,0.0,0.0,0.0,0.0,0.0,0.0
103,0.0,0.0,0.0,0.0,0.0,0.0,0.0,0.0,0.0,0.0,0.0,0.0,0.0,0.0,0.0,0.0,0.0,0.0,0.0,0.0,0.0,0.0
104,0.0,0.0,0.0,0.0,0.0,0.0,0.0,0.0,0.0,0.0,0.0,0.0,0.0,0.0,0.0,0.0,0.0,0.0,0.0,0.0,0.0,0.0
105,0.0,0.0,0.0,0.0,0.0,0.0,0.0,0.0,0.0,0.0,0.0,0.0,0.0,0.0,0.0,0.0,0.0,0.0,0.0,0.0,0.0,0.0
106,0.0,0.0,0.0,0.0,0.0,0.0,0.0,0.0,0.0,0.0,0.0,0.0,0.0,0.0,0.0,0.0,0.0,0.0,0.0,0.0,0.0,0.0
107,0.0,0.0,0.0,0.0,0.0,0.0,0.0,0.0,0.0,0.0,0.0,0.0,0.0,0.0,0.0,0.0,0.0,0.0,0.0,0.0,0.0,0.0
108,0.0,0.0,0.0,0.0,0.0,0.0,0.0,0.0,0.0,0.0,0.0,0.0,0.0,0.0,0.0,0.0,0.0,0.0,0.0,0.0,0.0,0.0
109,0.0,0.0,0.0,0.0,0.0,0.0,0.0,0.0,0.0,0.0,0.0,0.0,0.0,0.0,0.0,0.0,0.0,0.0,0.0,0.0,0.0,0.0
110,0.0,0.0,0.0,0.0,0.0,0.0,0.0,0.0,0.0,0.0,0.0,0.0,0.0,0.0,0.0,0.0,0.0,0.0,0.0,0.0,0.0,0.0
111,0.0,0.0,0.0,0.0,0.0,0.0,0.0,0.0,0.0,0.0,0.0,0.0,0.0,0.0,0.0,0.0,0.0,0.0,0.0,0.0,0.0,0.0
112,0.0,0.0,0.0,0.0,0.0,0.0,0.0,0.0,0.0,0.0,0.0,0.0,0.0,0.0,0.0,0.0,0.0,0.0,0.0,0.0,0.0,0.0
113,0.0,0.0,0.0,0.0,0.0,0.0,0.0,0.0,0.0,0.0,0.0,0.0,0.0,0.0,0.0,0.0,0.0,0.0,0.0,0.0,0.0,0.0
114,0.0,0.0,0.0,0.0,0.0,0.0,0.0,0.0,0.0,0.0,0.0,0.0,0.0,0.0,0.0,0.0,0.0,0.0,0.0,0.0,0.0,0.0
115,0.0,0.0,0.0,0.0,0.0,0.0,0.0,0.0,0.0,0.0,0.0,0.0,0.0,0.0,0.0,0.0,0.0,0.0,0.0,0.0,0.0,0.0
116,0.0,0.0,0.0,0.0,0.0,0.0,0.0,0.0,0.0,0.0,0.0,0.0,0.0,0.0,0.0,0.0,0.0,0.0,0.0,0.0,0.0,0.0
117,0.0,0.0,0.0,0.0,0.0,0.0,0.0,0.0,0.0,0.0,0.0,0.0,0.0,0.0,0.0,0.0,0.0,0.0,0.0,0.0,0.0,0.0
118,0.0,0.0,0.0,0.0,0.0,0.0,0.0,0.0,0.0,0.0,0.0,0.0,0.0,0.0,0.0,0.0,0.0,0.0,0.0,0.0,0.0,0.0
119,0.0,0.0,0.0,0.0,0.0,0.0,0.0,0.0,0.0,0.0,0.0,0.0,0.0,0.0,0.0,0.0,0.0,0.0,0.0,0.0,0.0,0.0
120,0.0,0.0,0.0,0.0,0.0,0.0,0.0,0.0,0.0,0.0,0.0,0.0,0.0,0.0,0.0,0.0,0.0,0.0,0.0,0.0,0.0,0.0
121,0.0,0.0,0.0,0.0,0.0,0.0,0.0,0.0,0.0,0.0,0.0,0.0,0.0,0.0,0.0,0.0,0.0,0.0,0.0,0.0,0.0,0.0
122,0.0,0.0,0.0,0.0,0.0,0.0,0.0,0.0,0.0,0.0,0.0,0.0,0.0,0.0,0.0,0.0,0.0,0.0,0.0,0.0,0.0,0.0
123,0.0,0.0,0.0,0.0,0.0,0.0,0.0,0.0,0.0,0.0,0.0,0.0,0.0,0.0,0.0,0.0,0.0,0.0,0.0,0.0,0.0,0.0
124,0.0,0.0,0.0,0.0,0.0,0.0,0.0,0.0,0.0,0.0,0.0,0.0,0.0,0.0,0.0,0.0,0.0,0.0,0.0,0.0,0.0,0.0
125,0.0,0.0,0.0,0.0,0.0,0.0,0.0,0.0,0.0,0.0,0.0,0.0,0.0,0.0,0.0,0.0,0.0,0.0,0.0,0.0,0.0,0.0
126,0.0,0.0,0.0,0.0,0.0,0.0,0.0,0.0,0.0,0.0,0.0,0.0,0.0,0.0,0.0,0.0,0.0,0.0,0.0,0.0,0.0,0.0
127,0.0,0.0,0.0,0.0,0.0,0.0,0.0,0.0,0.0,0.0,0.0,0.0,0.0,0.0,0.0,0.0,0.0,0.0,0.0,0.0,0.0,0.0
128,0.0,0.0,0.0,0.0,0.0,0.0,0.0,0.0,0.0,0.0,0.0,0.0,0.0,0.0,0.0,0.0,0.0,0.0,0.0,0.0,0.0,0.0
129,0.0,0.0,0.0,0.0,0.0,0.0,0.0,0.0,0.0,0.0,0.0,0.0,0.0,0.0,0.0,0.0,0.0,0.0,0.0,0.0,0.0,0.0
130,0.0,0.0,0.0,0.0,0.0,0.0,0.0,0.0,0.0,0.0,0.0,0.0,0.0,0.0,0.0,0.0,0.0,0.0,0.0,0.0,0.0,0.0
131,0.0,0.0,0.0,0.0,0.0,0.0,0.0,0.0,0.0,0.0,0.0,0.0,0.0,0.0,0.0,0.0,0.0,0.0,0.0,0.0,0.0,0.0
132,0.0,0.0,0.0,0.0,0.0,0.0,0.0,0.0,0.0,0.0,0.0,0.0,0.0,0.0,0.0,0.0,0.0,0.0,0.0,0.0,0.0,0.0
133,0.0,0.0,0.0,0.0,0.0,0.0,0.0,0.0,0.0,0.0,0.0,0.0,0.0,0.0,0.0,0.0,0.0,0.0,0.0,0.0,0.0,0.0
134,0.0,0.0,0.0,0.0,0.0,0.0,0.0,0.0,0.0,0.0,0.0,0.0,0.0,0.0,0.0,0.0,0.0,0.0,0.0,0.0,0.0,0.0
135,0.0,0.0,0.0,0.0,0.0,0.0,0.0,0.0,0.0,0.0,0.0,0.0,0.0,0.0,0.0,0.0,0.0,0.0,0.0,0.0,0.0,0.0
136,0.0,0.0,0.0,0.0,0.0,0.0,0.0,0.0,0.0,0.0,0.0,0.0,0.0,0.0,0.0,0.0,0.0,0.0,0.0,0.0,0.0,0.0
137,0.0,0.0,0.0,0.0,0.0,0.0,0.0,0.0,0.0,0.0,0.0,0.0,0.0,0.0,0.0,0.0,0.0,0.0,0.0,0.0,0.0,0.0
138,0.0,0.0,0.0,0.0,0.0,0.0,0.0,0.0,0.0,0.0,0.0,0.0,0.0,0.0,0.0,0.0,0.0,0.0,0.0,0.0,0.0,0.0
139,0.0,0.0,0.0,0.0,0.0,0.0,0.0,0.0,0.0,0.0,0.0,0.0,0.0,0.0,0.0,0.0,0.0,0.0,0.0,0.0,0.0,0.0
140,0.0,0.0,0.0,0.0,0.0,0.0,0.0,0.0,0.0,0.0,0.0,0.0,0.0,0.0,0.0,0.0,0.0,0.0,0.0,0.0,0.0,0.0
141,0.0,0.0,0.0,0.0,0.0,0.0,0.0,0.0,0.0,0.0,0.0,0.0,0.0,0.0,0.0,0.0,0.0,0.0,0.0,0.0,0.0,0.0
142,0.0,0.0,0.0,0.0,0.0,0.0,0.0,0.0,0.0,0.0,0.0,0.0,0.0,0.0,0.0,0.0,0.0,0.0,0.0,0.0,0.0,0.0
143,0.0,0.0,0.0,0.0,0.0,0.0,0.0,0.0,0.0,0.0,0.0,0.0,0.0,0.0,0.0,0.0,0.0,0.0,0.0,0.0,0.0,0.0
144,0.0,0.0,0.0,0.0,0.0,0.0,0.0,0.0,0.0,0.0,0.0,0.0,0.0,0.0,0.0,0.0,0.0,0.0,0.0,0.0,0.0,0.0
145,0.0,0.0,0.0,0.0,0.0,0.0,0.0,0.0,0.0,0.0,0.0,0.0,0.0,0.0,0.0,0.0,0.0,0.0,0.0,0.0,0.0,0.0
146,0.0,0.0,0.0,0.0,0.0,0.0,0.0,0.0,0.0,0.0,0.0,0.0,0.0,0.0,0.0,0.0,0.0,0.0,0.0,0.0,0.0,0.0
147,0.0,0.0,0.0,0.0,0.0,0.0,0.0,0.0,0.0,0.0,0.0,0.0,0.0,0.0,0.0,0.0,0.0,0.0,0.0,0.0,0.0,0.0
148,0.0,0.0,0.0,0.0,0.0,0.0,0.0,0.0,0.0,0.0,0.0,0.0,0.0,0.0,0.0,0.0,0.0,0.0,0.0,0.0,0.0,0.0
149,0.0,0.0,0.0,0.0,0.0,0.0,0.0,0.0,0.0,0.0,0.0,0.0,0.0,0.0,0.0,0.0,0.0,0.0,0.0,0.0,0.0,0.0
150,0.0,0.0,0.0,0.0,0.0,0.0,0.0,0.0,0.0,0.0,0.0,0.0,0.0,0.0,0.0,0.0,0.0,0.0,0.0,0.0,0.0,0.0
151,0.0,0.0,0.0,0.0,0.0,0.0,0.0,0.0,0.0,0.0,0.0,0.0,0.0,0.0,0.0,0.0,0.0,0.0,0.0,0.0,0.0,0.0
152,0.0,0.0,0.0,0.0,0.0,0.0,0.0,0.0,0.0,0.0,0.0,0.0,0.0,0.0,0.0,0.0,0.0,0.0,0.0,0.0,0.0,0.0
153,0.0,0.0,0.0,0.0,0.0,0.0,0.0,0.0,0.0,0.0,0.0,0.0,0.0,0.0,0.0,0.0,0.0,0.0,0.0,0.0,0.0,0.0
154,0.0,0.0,0.0,0.0,0.0,0.0,0.0,0.0,0.0,0.0,0.0,0.0,0.0,0.0,0.0,0.0,0.0,0.0,0.0,0.0,0.0,0.0
155,0.0,0.0,0.0,0.0,0.0,0.0,0.0,0.0,0.0,0.0,0.0,0.0,0.0,0.0,0.0,0.0,0.0,0.0,0.0,0.0,0.0,0.0
156,0.0,0.0,0.0,0.0,0.0,0.0,0.0,0.0,0.0,0.0,0.0,0.0,0.0,0.0,0.0,0.0,0.0,0.0,0.0,0.0,0.0,0.0
157,0.0,0.0,0.0,0.0,0.0,0.0,0.0,0.0,0.0,0.0,0.0,0.0,0.0,0.0,0.0,0.0,0.0,0.0,0.0,0.0,0.0,0.0
158,0.0,0.0,0.0,0.0,0.0,0.0,0.0,0.0,0.0,0.0,0.0,0.0,0.0,0.0,0.0,0.0,0.0,0.0,0.0,0.0,0.0,0.0
159,0.0,0.0,0.0,0.0,0.0,0.0,0.0,0.0,0.0,0.0,0.0,0.0,0.0,0.0,0.0,0.0,0.0,0.0,0.0,0.0,0.0,0.0
160,0.0,0.0,0.0,0.0,0.0,0.0,0.0,0.0,0.0,0.0,0.0,0.0,0.0,0.0,0.0,0.0,0.0,0.0,0.0,0.0,0.0,0.0
161,0.0,0.0,0.0,0.0,0.0,0.0,0.0,0.0,0.0,0.0,0.0,0.0,0.0,0.0,0.0,0.0,0.0,0.0,0.0,0.0,0.0,0.0
162,0.0,0.0,0.0,0.0,0.0,0.0,0.0,0.0,0.0,0.0,0.0,0.0,0.0,0.0,0.0,0.0,0.0,0.0,0.0,0.0,0.0,0.0
163,0.0,0.0,0.0,0.0,0.0,0.0,0.0,0.0,0.0,0.0,0.0,0.0,0.0,0.0,0.0,0.0,0.0,0.0,0.0,0.0,0.0,0.0
164,0.0,0.0,0.0,0.0,0.0,0.0,0.0,0.0,0.0,0.0,0.0,0.0,0.0,0.0,0.0,0.0,0.0,0.0,0.0,0.0,0.0,0.0
165,0.0,0.0,0.0,0.0,0.0,0.0,0.0,0.0,0.0,0.0,0.0,0.0,0.0,0.0,0.0,0.0,0.0,0.0,0.0,0.0,0.0,0.0
166,0.0,0.0,0.0,0.0,0.0,0.0,0.0,0.0,0.0,0.0,0.0,0.0,0.0,0.0,0.0,0.0,0.0,0.0,0.0,0.0,0.0,0.0
167,0.0,0.0,0.0,0.0,0.0,0.0,0.0,0.0,0.0,0.0,0.0,0.0,0.0,0.0,0.0,0.0,0.0,0.0,0.0,0.0,0.0,0.0
168,0.0,0.0,0.0,0.0,0.0,0.0,0.0,0.0,0.0,0.0,0.0,0.0,0.0,0.0,0.0,0.0,0.0,0.0,0.0,0.0,0.0,0.0
169,0.0,0.0,0.0,0.0,0.0,0.0,0.0,0.0,0.0,0.0,0.0,0.0,0.0,0.0,0.0,0.0,0.0,0.0,0.0,0.0,0.0,0.0
170,0.0,0.0,0.0,0.0,0.0,0.0,0.0,0.0,0.0,0.0,0.0,0.0,0.0,0.0,0.0,0.0,0.0,0.0,0.0,0.0,0.0,0.0
171,0.0,0.0,0.0,0.0,0.0,0.0,0.0,0.0,0.0,0.0,0.0,0.0,0.0,0.0,0.0,0.0,0.0,0.0,0.0,0.0,0.0,0.0
172,0.0,0.0,0.0,0.0,0.0,0.0,0.0,0.0,0.0,0.0,0.0,0.0,0.0,0.0,0.0,0.0,0.0,0.0,0.0,0.0,0.0,0.0
173,0.0,0.0,0.0,0.0,0.0,0.0,0.0,0.0,0.0,0.0,0.0,0.0,0.0,0.0,0.0,0.0,0.0,0.0,0.0,0.0,0.0,0.0
174,0.0,0.0,0.0,0.0,0.0,0.0,0.0,0.0,0.0,0.0,0.0,0.0,0.0,0.0,0.0,0.0,0.0,0.0,0.0,0.0,0.0,0.0
175,0.0,0.0,0.0,0.0,0.0,0.0,0.0,0.0,0.0,0.0,0.0,0.0,0.0,0.0,0.0,0.0,0.0,0.0,0.0,0.0,0.0,0.0
176,0.0,0.0,0.0,0.0,0.0,0.0,0.0,0.0,0.0,0.0,0.0,0.0,0.0,0.0,0.0,0.0,0.0,0.0,0.0,0.0,0.0,0.0
177,0.0,0.0,0.0,0.0,0.0,0.0,0.0,0.0,0.0,0.0,0.0,0.0,0.0,0.0,0.0,0.0,0.0,0.0,0.0,0.0,0.0,0.0
178,0.0,0.0,0.0,0.0,0.0,0.0,0.0,0.0,0.0,0.0,0.0,0.0,0.0,0.0,0.0,0.0,0.0,0.0,0.0,0.0,0.0,0.0
179,0.0,0.0,0.0,0.0,0.0,0.0,0.0,0.0,0.0,0.0,0.0,0.0,0.0,0.0,0.0,0.0,0.0,0.0,0.0,0.0,0.0,0.0
180,0.0,0.0,0.0,0.0,0.0,0.0,0.0,0.0,0.0,0.0,0.0,0.0,0.0,0.0,0.0,0.0,0.0,0.0,0.0,0.0,0.0,0.0
181,0.0,0.0,0.0,0.0,0.0,0.0,0.0,0.0,0.0,0.0,0.0,0.0,0.0,0.0,0.0,0.0,0.0,0.0,0.0,0.0,0.0,0.0
182,0.0,0.0,0.0,0.0,0.0,0.0,0.0,0.0,0.0,0.0,0.0,0.0,0.0,0.0,0.0,0.0,0.0,0.0,0.0,0.0,0.0,0.0
183,0.0,0.0,0.0,0.0,0.0,0.0,0.0,0.0,0.0,0.0,0.0,0.0,0.0,0.0,0.0,0.0,0.0,0.0,0.0,0.0,0.0,0.0
184,0.0,0.0,0.0,0.0,0.0,0.0,0.0,0.0,0.0,0.0,0.0,0.0,0.0,0.0,0.0,0.0,0.0,0.0,0.0,0.0,0.0,0.0
185,0.0,0.0,0.0,0.0,0.0,0.0,0.0,0.0,0.0,0.0,0.0,0.0,0.0,0.0,0.0,0.0,0.0,0.0,0.0,0.0,0.0,0.0
186,0.0,0.0,0.0,0.0,0.0,0.0,0.0,0.0,0.0,0.0,0.0,0.0,0.0,0.0,0.0,0.0,0.0,0.0,0.0,0.0,0.0,0.0
187,0.0,0.0,0.0,0.0,0.0,0.0,0.0,0.0,0.0,0.0,0.0,0.0,0.0,0.0,0.0,0.0,0.0,0.0,0.0,0.0,0.0,0.0
188,0.0,0.0,0.0,0.0,0.0,0.0,0.0,0.0,0.0,0.0,0.0,0.0,0.0,0.0,0.0,0.0,0.0,0.0,0.0,0.0,0.0,0.0
189,0.0,0.0,0.0,0.0,0.0,0.0,0.0,0.0,0.0,0.0,0.0,0.0,0.0,0.0,0.0,0.0,0.0,0.0,0.0,0.0,0.0,0.0
190,0.0,0.0,0.0,0.0,0.0,0.0,0.0,0.0,0.0,0.0,0.0,0.0,0.0,0.0,0.0,0.0,0.0,0.0,0.0,0.0,0.0,0.0
191,0.0,0.0,0.0,0.0,0.0,0.0,0.0,0.0,0.0,0.0,0.0,0.0,0.0,0.0,0.0,0.0,0.0,0.0,0.0,0.0,0.0,0.0
192,0.0,0.0,0.0,0.0,0.0,0.0,0.0,0.0,0.0,0.0,0.0,0.0,0.0,0.0,0.0,0.0,0.0,0.0,0.0,0.0,0.0,0.0
193,0.0,0.0,0.0,0.0,0.0,0.0,0.0,0.0,0.0,0.0,0.0,0.0,0.0,0.0,0.0,0.0,0.0,0.0,0.0,0.0,0.0,0.0
194,0.0,0.0,0.0,0.0,0.0,0.0,0.0,0.0,0.0,0.0,0.0,0.0,0.0,0.0,0.0,0.0,0.0,0.0,0.0,0.0,0.0,0.0
195,0.0,0.0,0.0,0.0,0.0,0.0,0.0,0.0,0.0,0.0,0.0,0.0,0.0,0.0,0.0,0.0,0.0,0.0,0.0,0.0,0.0,0.0
196,0.0,0.0,0.0,0.0,0.0,0.0,0.0,0.0,0.0,0.0,0.0,0.0,0.0,0.0,0.0,0.0,0.0,0.0,0.0,0.0,0.0,0.0
197,0.0,0.0,0.0,0.0,0.0,0.0,0.0,0.0,0.0,0.0,0.0,0.0,0.0,0.0,0.0,0.0,0.0,0.0,0.0,0.0,0.0,0.0
198,0.0,0.0,0.0,0.0,0.0,0.0,0.0,0.0,0.0,0.0,0.0,0.0,0.0,0.0,0.0,0.0,0.0,0.0,0.0,0.0,0.0,0.0
199,0.0,0.0,0.0,0.0,0.0,0.0,0.0,0.0,0.0,0.0,0.0,0.0,0.0,0.0,0.0,0.0,0.0,0.0,0.0,0.0,0.0,0.0
200,0.0,0.0,0.0,0.0,0.0,0.0,0.0,0.0,0.0,0.0,0.0,0.0,0.0,0.0,0.0,0.0,0.0,0.0,0.0,0.0,0.0,0.0
201,0.0,0.0,0.0,0.0,0.0,0.0,0.0,0.0,0.0,0.0,0.0,0.0,0.0,0.0,0.0,0.0,0.0,0.0,0.0,0.0,0.0,0.0
202,0.0,0.0,0.0,0.0,0.0,0.0,0.0,0.0,0.0,0.0,0.0,0.0,0.0,0.0,0.0,0.0,0.0,0.0,0.0,0.0,0.0,0.0
203,0.0,0.0,0.0,0.0,0.0,0.0,0.0,0.0,0.0,0.0,0.0,0.0,0.0,0.0,0.0,0.0,0.0,0.0,0.0,0.0,0.0,0.0
204,0.0,0.0,0.0,0.0,0.0,0.0,0.0,0.0,0.0,0.0,0.0,0.0,0.0,0.0,0.0,0.0,0.0,0.0,0.0,0.0,0.0,0.0
205,0.0,0.0,0.0,0.0,0.0,0.0,0.0,0.0,0.0,0.0,0.0,0.0,0.0,0.0,0.0,0.0,0.0,0.0,0.0,0.0,0.0,0.0
206,0.0,0.0,0.0,0.0,0.0,0.0,0.0,0.0,0.0,0.0,0.0,0.0,0.0,0.0,0.0,0.0,0.0,0.0,0.0,0.0,0.0,0.0
207,0.0,0.0,0.0,0.0,0.0,0.0,0.0,0.0,0.0,0.0,0.0,0.0,0.0,0.0,0.0,0.0,0.0,0.0,0.0,0.0,0.0,0.0
208,0.0,0.0,0.0,0.0,0.0,0.0,0.0,0.0,0.0,0.0,0.0,0.0,0.0,0.0,0.0,0.0,0.0,0.0,0.0,0.0,0.0,0.0
209,0.0,0.0,0.0,0.0,0.0,0.0,0.0,0.0,0.0,0.0,0.0,0.0,0.0,0.0,0.0,0.0,0.0,0.0,0.0,0.0,0.0,0.0
210,0.0,0.0,0.0,0.0,0.0,0.0,0.0,0.0,0.0,0.0,0.0,0.0,0.0,0.0,0.0,0.0,0.0,0.0,0.0,0.0,0.0,0.0
211,0.0,0.0,0.0,0.0,0.0,0.0,0.0,0.0,0.0,0.0,0.0,0.0,0.0,0.0,0.0,0.0,0.0,0.0,0.0,0.0,0.0,0.0
212,0.0,0.0,0.0,0.0,0.0,0.0,0.0,0.0,0.0,0.0,0.0,0.0,0.0,0.0,0.0,0.0,0.0,0.0,0.0,0.0,0.0,0.0
213,0.0,0.0,0.0,0.0,0.0,0.0,0.0,0.0,0.0,0.0,0.0,0.0,0.0,0.0,0.0,0.0,0.0,0.0,0.0,0.0,0.0,0.0
214,0.0,0.0,0.0,0.0,0.0,0.0,0.0,0.0,0.0,0.0,0.0,0.0,0.0,0.0,0.0,0.0,0.0,0.0,0.0,0.0,0.0,0.0
215,0.0,0.0,0.0,0.0,0.0,0.0,0.0,0.0,0.0,0.0,0.0,0.0,0.0,0.0,0.0,0.0,0.0,0.0,0.0,0.0,0.0,0.0
216,0.0,0.0,0.0,0.0,0.0,0.0,0.0,0.0,0.0,0.0,0.0,0.0,0.0,0.0,0.0,0.0,0.0,0.0,0.0,0.0,0.0,0.0
217,0.0,0.0,0.0,0.0,0.0,0.0,0.0,0.0,0.0,0.0,0.0,0.0,0.0,0.0,0.0,0.0,0.0,0.0,0.0,0.0,0.0,0.0
218,0.0,0.0,0.0,0.0,0.0,0.0,0.0,0.0,0.0,0.0,0.0,0.0,0.0,0.0,0.0,0.0,0.0,0.0,0.0,0.0,0.0,0.0
219,0.0,0.0,0.0,0.0,0.0,0.0,0.0,0.0,0.0,0.0,0.0,0.0,0.0,0.0,0.0,0.0,0.0,0.0,0.0,0.0,0.0,0.0
220,0.0,0.0,0.0,0.0,0.0,0.0,0.0,0.0,0.0,0.0,0.0,0.0,0.0,0.0,0.0,0.0,0.0,0.0,0.0,0.0,0.0,0.0
221,0.0,0.0,0.0,0.0,0.0,0.0,0.0,0.0,0.0,0.0,0.0,0.0,0.0,0.0,0.0,0.0,0.0,0.0,0.0,0.0,0.0,0.0
222,0.0,0.0,0.0,0.0,0.0,0.0,0.0,0.0,0.0,0.0,0.0,0.0,0.0,0.0,0.0,0.0,0.0,0.0,0.0,0.0,0.0,0.0
223,0.0,0.0,0.0,0.0,0.0,0.0,0.0,0.0,0.0,0.0,0.0,0.0,0.0,0.0,0.0,0.0,0.0,0.0,0.0,0.0,0.0,0.0
224,0.0,0.0,0.0,0.0,0.0,0.0,0.0,0.0,0.0,0.0,0.0,0.0,0.0,0.0,0.0,0.0,0.0,0.0,0.0,0.0,0.0,0.0
225,0.0,0.0,0.0,0.0,0.0,0.0,0.0,0.0,0.0,0.0,0.0,0.0,0.0,0.0,0.0,0.0,0.0,0.0,0.0,0.0,0.0,0.0
226,0.0,0.0,0.0,0.0,0.0,0.0,0.0,0.0,0.0,0.0,0.0,0.0,0.0,0.0,0.0,0.0,0.0,0.0,0.0,0.0,0.0,0.0
227,0.0,0.0,0.0,0.0,0.0,0.0,0.0,0.0,0.0,0.0,0.0,0.0,0.0,0.0,0.0,0.0,0.0,0.0,0.0,0.0,0.0,0.0
228,0.0,0.0,0.0,0.0,0.0,0.0,0.0,0.0,0.0,0.0,0.0,0.0,0.0,0.0,0.0,0.0,0.0,0.0,0.0,0.0,0.0,0.0
229,0.0,0.0,0.0,0.0,0.0,0.0,0.0,0.0,0.0,0.0,0.0,0.0,0.0,0.0,0.0,0.0,0.0,0.0,0.0,0.0,0.0,0.0
230,0.0,0.0,0.0,0.0,0.0,0.0,0.0,0.0,0.0,0.0,0.0,0.0,0.0,0.0,0.0,0.0,0.0,0.0,0.0,0.0,0.0,0.0
231,0.0,0.0,0.0,0.0,0.0,0.0,0.0,0.0,0.0,0.0,0.0,0.0,0.0,0.0,0.0,0.0,0.0,0.0,0.0,0.0,0.0,0.0
232,0.0,0.0,0.0,0.0,0.0,0.0,0.0,0.0,0.0,0.0,0.0,0.0,0.0,0.0,0.0,0.0,0.0,0.0,0.0,0.0,0.0,0.0
233,0.0,0.0,0.0,0.0,0.0,0.0,0.0,0.0,0.0,0.0,0.0,0.0,0.0,0.0,0.0,0.0,0.0,0.0,0.0,0.0,0.0,0.0
234,0.0,0.0,0.0,0.0,0.0,0.0,0.0,0.0,0.0,0.0,0.0,0.0,0.0,0.0,0.0,0.0,0.0,0.0,0.0,0.0,0.0,0.0
235,0.0,0.0,0.0,0.0,0.0,0.0,0.0,0.0,0.0,0.0,0.0,0.0,0.0,0.0,0.0,0.0,0.0,0.0,0.0,0.0,0.0,0.0
236,0.0,0.0,0.0,0.0,0.0,0.0,0.0,0.0,0.0,0.0,0.0,0.0,0.0,0.0,0.0,0.0,0.0,0.0,0.0,0.0,0.0,0.0
237,0.0,0.0,0.0,0.0,0.0,0.0,0.0,0.0,0.0,0.0,0.0,0.0,0.0,0.0,0.0,0.0,0.0,0.0,0.0,0.0,0.0,0.0
238,0.0,0.0,0.0,0.0,0.0,0.0,0.0,0.0,0.0,0.0,0.0,0.0,0.0,0.0,0.0,0.0,0.0,0.0,0.0,0.0,0.0,0.0
239,0.0,0.0,0.0,0.0,0.0,0.0,0.0,0.0,0.0,0.0,0.0,0.0,0.0,0.0,0.0,0.0,0.0,0.0,0.0,0.0,0.0,0.0
240,0.0,0.0,0.0,0.0,0.0,0.0,0.0,0.0,0.0,0.0,0.0,0.0,0.0,0.0,0.0,0.0,0.0,0.0,0.0,0.0,0.0,0.0
241,0.0,0.0,0.0,0.0,0.0,0.0,0.0,0.0,0.0,0.0,0.0,0.0,0.0,0.0,0.0,0.0,0.0,0.0,0.0,0.0,0.0,0.0
242,0.0,0.0,0.0,0.0,0.0,0.0,0.0,0.0,0.0,0.0,0.0,0.0,0.0,0.0,0.0,0.0,0.0,0.0,0.0,0.0,0.0,0.0
243,0.0,0.0,0.0,0.0,0.0,0.0,0.0,0.0,0.0,0.0,0.0,0.0,0.0,0.0,0.0,0.0,0.0,0.0,0.0,0.0,0.0,0.0
244,0.0,0.0,0.0,0.0,0.0,0.0,0.0,0.0,0.0,0.0,0.0,0.0,0.0,0.0,0.0,0.0,0.0,0.0,0.0,0.0,0.0,0.0
245,0.0,0.0,0.0,0.0,0.0,0.0,0.0,0.0,0.0,0.0,0.0,0.0,0.0,0.0,0.0,0.0,0.0,0.0,0.0,0.0,0.0,0.0
246,0.0,0.0,0.0,0.0,0.0,0.0,0.0,0.0,0.0,0.0,0.0,0.0,0.0,0.0,0.0,0.0,0.0,0.0,0.0,0.0,0.0,0.0
247,0.0,0.0,0.0,0.0,0.0,0.0,0.0,0.0,0.0,0.0,0.0,0.0,0.0,0.0,0.0,0.0,0.0,0.0,0.0,0.0,0.0,0.0
248,0.0,0.0,0.0,0.0,0.0,0.0,0.0,0.0,0.0,0.0,0.0,0.0,0.0,0.0,0.0,0.0,0.0,0.0,0.0,0.0,0.0,0.0
249,0.0,0.0,0.0,0.0,0.0,0.0,0.0,0.0,0.0,0.0,0.0,0.0,0.0,0.0,0.0,0.0,0.0,0.0,0.0,0.0,0.0,0.0
250,0.0,0.0,0.0,0.0,0.0,0.0,0.0,0.0,0.0,0.0,0.0,0.0,0.0,0.0,0.0,0.0,0.0,0.0,0.0,0.0,0.0,0.0
251,0.0,0.0,0.0,0.0,0.0,0.0,0.0,0.0,0.0,0.0,0.0,0.0,0.0,0.0,0.0,0.0,0.0,0.0,0.0,0.0,0.0,0.0
252,0.0,0.0,0.0,0.0,0.0,0.0,0.0,0.0,0.0,0.0,0.0,0.0,0.0,0.0,0.0,0.0,0.0,0.0,0.0,0.0,0.0,0.0
253,0.0,0.0,0.0,0.0,0.0,0.0,0.0,0.0,0.0,0.0,0.0,0.0,0.0,0.0,0.0,0.0,0.0,0.0,0.0,0.0,0.0,0.0
254,0.0,0.0,0.0,0.0,0.0,0.0,0.0,0.0,0.0,0.0,0.0,0.0,0.0,0.0,0.0,0.0,0.0,0.0,0.0,0.0,0.0,0.0
255,0.0,0.0,0.0,0.0,0.0,0.0,0.0,0.0,0.0,0.0,0.0,0.0,0.0,0.0,0.0,0.0,0.0,0.0,0.0,0.0,0.0,0.0
256,80958081.09450436,0.0,0.0,0.0,0.0,0.0,66583926.92495076,0.0,0.0,0.0,0.0,27320609.811337255,0.0,77210569.20282021,0.0,0.0,0.0,40649533.922772415,53596150.71055366,0.0,0.0,62236749.45015944
257,10081320.455554012,0.0,0.0,0.0,0.0,0.0,8404228.658339234,0.0,0.0,0.0,0.0,3505299.5015121503,0.0,9795400.697136661,0.0,0.0,0.0,5152414.931246676,6786084.930806551,0.0,0.0,7727361.5923792785
258,4997791.4200632125,0.0,0.0,0.0,0.0,0.0,4058945.276833599,0.0,0.0,0.0,0.0,1510571.7790660164,0.0,4980639.8734194515,0.0,0.0,0.0,2600678.457836614,3366983.415635939,0.0,0.0,3620092.410154498
259,4997791.4200632125,0.0,0.0,0.0,0.0,0.0,4058945.276833599,0.0,0.0,0.0,0.0,1510571.7790660164,0.0,4980639.8734194515,0.0,0.0,0.0,2600678.457836614,3366983.415635939,0.0,0.0,3620092.410154498
260,3693007.1849607397,0.0,0.0,0.0,0.0,0.0,3035840.769682533,0.0,0.0,0.0,0.0,1246926.6891611973,0.0,3471079.0279447054,0.0,0.0,0.0,1835872.4644225559,2438626.549700652,0.0,0.0,2857279.7405068944
261,491974.64467873314,0.0,0.0,0.0,0.0,0.0,409975.85762694385,0.0,0.0,0.0,0.0,195507.38727549877,0.0,561316.6163680005,0.0,0.0,0.0,288559.4993104619,387412.0735919662,0.0,0.0,388660.6710489211
262,491974.64467873314,0.0,0.0,0.0,0.0,0.0,409975.85762694385,0.0,0.0,0.0,0.0,195507.38727549877,0.0,561316.6163680005,0.0,0.0,0.0,288559.4993104619,387412.0735919662,0.0,0.0,388660.6710489211
263,388310.13187588064,0.0,0.0,0.0,0.0,0.0,381716.9075131849,0.0,0.0,0.0,0.0,144816.473426815,0.0,483328.6223275541,0.0,0.0,0.0,200190.98840638212,273910.88377706526,0.0,0.0,340925.77510970546
264,363947.46637155797,0.0,0.0,0.0,0.0,0.0,283044.8982254049,0.0,0.0,0.0,0.0,121421.20469392373,0.0,389001.453424615,0.0,0.0,0.0,200190.98840638212,259196.54818997002,0.0,0.0,226028.44746902635
265,363947.46637155797,0.0,0.0,0.0,0.0,0.0,283044.8982254049,0.0,0.0,0.0,0.0,121421.20469392373,0.0,389001.453424615,0.0,0.0,0.0,184242.94893594438,259196.54818997002,0.0,0.0,226028.44746902635
266,338031.64646468585,0.0,0.0,0.0,0.0,0.0,266173.4925632412,0.0,0.0,0.0,0.0,111933.7101565426,0.0,341004.88484221045,0.0,0.0,0.0,184242.94893594438,233922.89790314538,0.0,0.0,231094.56219166654
267,338031.64646468585,0.0,0.0,0.0,0.0,0.0,266173.4925632412,0.0,0.0,0.0,0.0,111933.7101565426,0.0,341004.88484221045,0.0,0.0,0.0,177388.11848371153,233922.89790314538,0.0,0.0,231094.56219166654
268,289009.35032872617,0.0,0.0,0.0,0.0,0.0,266098.65734822076,0.0,0.0,0.0,0.0,83298.4148735625,0.0,295149.94100682915,0.0,0.0,0.0,144296.00812969945,207900.42922096633,0.0,0.0,226836.27487528473
269,289009.35032872617,0.0,0.0,0.0,0.0,0.0,266098.65734822076,0.0,0.0,0.0,0.0,83298.4148735625,0.0,295149.94100682915,0.0,0.0,0.0,144296.00812969945,207900.42922096633,0.0,0.0,226836.27487528473
270,210370.5871523859,0.0,0.0,0.0,0.0,0.0,176217.17617307592,0.0,0.0,0.0,0.0,64422.52775606887,0.0,228948.23521881536,0.0,0.0,0.0,120972.51254399681,152084.4290242277,0.0,0.0,149067.9753080359
271,210370.5871523859,0.0,0.0,0.0,0.0,0.0,176217.17617307592,0.0,0.0,0.0,0.0,64422.52775606887,0.0,207403.76963691038,0.0,0.0,0.0,120972.51254399681,152084.4290242277,0.0,0.0,143117.60266195427
272,198657.2900304541,0.0,0.0,0.0,0.0,0.0,174014.2215935552,0.0,0.0,0.0,0.0,61387.15228653694,0.0,207403.76963691038,0.0,0.0,0.0,95816.57628608985,146450.16022457363,0.0,0.0,143117.60266195427
273,101743.96887019661,0.0,0.0,0.0,0.0,0.0,87418.41486229724,0.0,0.0,0.0,0.0,59360.9899619865,0.0,154803.00533612678,0.0,0.0,0.0,58694.20112078802,100667.20469332446,0.0,0.0,97817.28940916572
274,101743.96887019661,0.0,0.0,0.0,0.0,0.0,87418.41486229724,0.0,0.0,0.0,0.0,59360.9899619865,0.0,154803.00533612678,0.0,0.0,0.0,58694.20112078802,100667.20469332446,0.0,0.0,97817.28940916572
275,89093.50978939772,0.0,0.0,0.0,0.0,0.0,81552.7994721824,0.0,0.0,0.0,0.0,43753.50460142708,0.0,138274.45337168046,0.0,0.0,0.0,52241.458646277,80642.06379250644,0.0,0.0,79934.41848907009
276,87182.99610414497,0.0,0.0,0.0,0.0,0.0,73078.6728849754,0.0,0.0,0.0,0.0,43753.50460142708,0.0,103163.08951199453,0.0,0.0,0.0,52241.458646277,80642.06379250644,0.0,0.0,70449.52124357485
277,87182.99610414497,0.0,0.0,0.0,0.0,0.0,73078.6728849754,0.0,0.0,0.0,0.0,42954.429886962,0.0,98697.20630113217,0.0,0.0,0.0,51254.45486775055,72268.14226095226,0.0,0.0,70449.52124357485
278,76164.53070066265,0.0,0.0,0.0,0.0,0.0,71559.87240604757,0.0,0.0,0.0,0.0,42954.429886962,0.0,98697.20630113217,0.0,0.0,0.0,51254.45486775055,70903.39273453053,0.0,0.0,57444.434523066
279,76164.53070066265,0.0,0.0,0.0,0.0,0.0,59889.92396930326,0.0,0.0,0.0,0.0,38184.401667764534,0.0,94711.99932882174,0.0,0.0,0.0,51495.691630860136,70903.39273453053,0.0,0.0,54340.42491080935
280,76737.87644553038,0.0,0.0,0.0,0.0,0.0,59889.92396930326,0.0,0.0,0.0,0.0,38184.401667764534,0.0,94711.99932882174,0.0,0.0,0.0,51495.691630860136,56594.342553277624,0.0,0.0,54340.42491080935
281,76737.87644553038,0.0,0.0,0.0,0.0,0.0,62181.99797532501,0.0,0.0,0.0,0.0,36690.46823961827,0.0,79874.51739830709,0.0,0.0,0.0,43014.465567208,56594.342553277624,0.0,0.0,56816.687833016185
282,72518.96421261987,0.0,0.0,0.0,0.0,0.0,52402.494561359126,0.0,0.0,0.0,0.0,36690.46823961827,0.0,79874.51739830709,0.0,0.0,0.0,38511.50016766874,43880.26353370538,0.0,0.0,47684.422881258266
283,56740.551299675615,0.0,0.0,0.0,0.0,0.0,52402.494561359126,0.0,0.0,0.0,0.0,27616.461734110802,0.0,72076.62817177015,0.0,0.0,0.0,38511.50016766874,43880.26353370538,0.0,0.0,47684.422881258266
284,56740.551299675615,0.0,0.0,0.0,0.0,0.0,50096.808041010845,0.0,0.0,0.0,0.0,27616.461734110802,0.0,72076.62817177015,0.0,0.0,0.0,32998.287240480044,45514.94158475535,0.0,0.0,42571.20481880057
285,57907.04930144588,0.0,0.0,0.0,0.0,0.0,50096.808041010845,0.0,0.0,0.0,0.0,26045.707560200768,0.0,63818.97473658304,0.0,0.0,0.0,32998.287240480044,45514.94158475535,0.0,0.0,42571.20481880057
286,57907.04930144588,0.0,0.0,0.0,0.0,0.0,49199.1836076396,0.0,0.0,0.0,0.0,26045.707560200768,0.0,63818.97473658304,0.0,0.0,0.0,32282.479292044674,44574.77901667465,0.0,0.0,43406.49609318876
287,61999.28762243737,0.0,0.0,0.0,0.0,0.0,49199.1836076396,0.0,0.0,0.0,0.0,27659.082636522435,0.0,58317.83992756669,0.0,0.0,0.0,32282.479292044674,44574.77901667465,0.0,0.0,39151.36562345221
288,48528.53629209759,0.0,0.0,0.0,0.0,0.0,47113.11025447931,0.0,0.0,0.0,0.0,27659.082636522435,0.0,50570.215726364004,0.0,0.0,0.0,29987.71818611982,38032.698106039876,0.0,0.0,39151.36562345221
289,48528.53629209759,0.0,0.0,0.0,0.0,0.0,47113.11025447931,0.0,0.0,0.0,0.0,20976.319356798896,0.0,50570.215726364004,0.0,0.0,0.0,29987.71818611982,38032.698106039876,0.0,0.0,38269.57615443289
290,49798.147138578366,0.0,0.0,0.0,0.0,0.0,46739.53336036226,0.0,0.0,0.0,0.0,20976.319356798896,0.0,45593.33532887901,0.0,0.0,0.0,25181.56371150949,34231.23264264586,0.0,0.0,38269.57615443289
291,45530.50480536656,0.0,0.0,0.0,0.0,0.0,46739.53336036226,0.0,0.0,0.0,0.0,19895.846149567926,0.0,45593.33532887901,0.0,0.0,0.0,25181.56371150949,34231.23264264586,0.0,0.0,29338.961437258786
292,45530.50480536656,0.0,0.0,0.0,0.0,0.0,41195.223658850555,0.0,0.0,0.0,0.0,19895.846149567926,0.0,43718.62287883551,0.0,0.0,0.0,21144.2959534867,31423.85159818297,0.0,0.0,29338.961437258786
293,38878.788084573825,0.0,0.0,0.0,0.0,0.0,41195.223658850555,0.0,0.0,0.0,0.0,20014.87009747247,0.0,43718.62287883551,0.0,0.0,0.0,21144.2959534867,31423.85159818297,0.0,0.0,31117.466892556702
294,38878.788084573825,0.0,0.0,0.0,0.0,0.0,32634.078829265167,0.0,0.0,0.0,0.0,18602.981337081375,0.0,40592.73566915325,0.0,0.0,0.0,20501.995817720956,34254.31299883707,0.0,0.0,31117.466892556702
295,39440.332719007834,0.0,0.0,0.0,0.0,0.0,32634.078829265167,0.0,0.0,0.0,0.0,18602.981337081375,0.0,40592.73566915325,0.0,0.0,0.0,20501.995817720956,34254.31299883707,0.0,0.0,26946.400220758078
296,39440.332719007834,0.0,0.0,0.0,0.0,0.0,28589.51753732251,0.0,0.0,0.0,0.0,17918.988623908,0.0,39720.520157940555,0.0,0.0,0.0,19653.305213122625,24618.493930141096,0.0,0.0,22790.001274698963
297,32430.289200522642,0.0,0.0,0.0,0.0,0.0,28589.51753732251,0.0,0.0,0.0,0.0,17918.988623908,0.0,32114.485689280857,0.0,0.0,0.0,19653.305213122625,22544.043283782234,0.0,0.0,22790.001274698963
298,32430.289200522642,0.0,0.0,0.0,0.0,0.0,24593.470416301403,0.0,0.0,0.0,0.0,16025.59303263091,0.0,30924.12992208287,0.0,0.0,0.0,22427.494943713107,20728.969835507476,0.0,0.0,22859.56622537447
299,30365.303923878648,0.0,0.0,0.0,0.0,0.0,24593.470416301403,0.0,0.0,0.0,0.0,16025.59303263091,0.0,30924.12992208287,0.0,0.0,0.0,17622.15627149997,20728.969835507476,0.0,0.0,22859.56622537447
300,30365.303923878648,0.0,0.0,0.0,0.0,0.0,23705.634273856576,0.0,0.0,0.0,0.0,15195.753998321228,0.0,31555.517999955475,0.0,0.0,0.0,17726.690177485696,20732.855518635723,0.0,0.0,21441.018168380917
301,30916.807610859843,0.0,0.0,0.0,0.0,0.0,23705.634273856576,0.0,0.0,0.0,0.0,15195.753998321228,0.0,31555.517999955475,0.0,0.0,0.0,17726.690177485696,20732.855518635723,0.0,0.0,18650.713950239107
302,23328.86812160236,0.0,0.0,0.0,0.0,0.0,23872.17454804562,0.0,0.0,0.0,0.0,13762.703730953017,0.0,25559.601797577765,0.0,0.0,0.0,16412.11321802231,19242.842404395367,0.0,0.0,18650.713950239107
303,23270.119615858333,0.0,0.0,0.0,0.0,0.0,17645.489606132123,0.0,0.0,0.0,0.0,13762.703730953017,0.0,25559.601797577765,0.0,0.0,0.0,13866.028864533375,19242.842404395367,0.0,0.0,15931.378427574655
304,23270.119615858333,0.0,0.0,0.0,0.0,0.0,17645.489606132123,0.0,0.0,0.0,0.0,10584.721299400968,0.0,24716.153886974225,0.0,0.0,0.0,12129.29004221272,19241.558808291,0.0,0.0,15931.378427574655
305,19730.818402908295,0.0,0.0,0.0,0.0,0.0,15329.807796179446,0.0,0.0,0.0,0.0,10584.721299400968,0.0,24716.153886974225,0.0,0.0,0.0,12129.29004221272,19241.558808291,0.0,0.0,15134.700534719328
306,19730.818402908295,0.0,0.0,0.0,0.0,0.0,15329.807796179446,0.0,0.0,0.0,0.0,9712.231161178202,0.0,22551.514699480107,0.0,0.0,0.0,11477.704676773905,16116.377914554076,0.0,0.0,15134.700534719328
307,20019.66285251531,0.0,0.0,0.0,0.0,0.0,16259.700337203103,0.0,0.0,0.0,0.0,9712.231161178202,0.0,22551.514699480107,0.0,0.0,0.0,11477.704676773905,16116.377914554076,0.0,0.0,14664.689819778147
308,15101.636629567269,0.0,0.0,0.0,0.0,0.0,14678.045468583103,0.0,0.0,0.0,0.0,7650.001184391797,0.0,20507.43418726787,0.0,0.0,0.0,9755.693030920202,14745.164660661987,0.0,0.0,13525.119423225618
309,15537.78962990405,0.0,0.0,0.0,0.0,0.0,14678.045468583103,0.0,0.0,0.0,0.0,6807.52871453394,0.0,20507.43418726787,0.0,0.0,0.0,9755.693030920202,11559.695367188506,0.0,0.0,13525.119423225618
310,13090.427916825067,0.0,0.0,0.0,0.0,0.0,12331.197656077224,0.0,0.0,0.0,0.0,4991.012196014339,0.0,17416.06113786248,0.0,0.0,0.0,9581.556231033643,11559.695367188506,0.0,0.0,12866.580518097311
311,13090.427916825067,0.0,0.0,0.0,0.0,0.0,12331.197656077224,0.0,0.0,0.0,0.0,5006.226641131967,0.0,14566.992494239974,0.0,0.0,0.0,9581.556231033643,8469.527248747254,0.0,0.0,9722.517057096675
312,9513.307206202613,0.0,0.0,0.0,0.0,0.0,9412.676286992153,0.0,0.0,0.0,0.0,3973.6660345474857,0.0,14566.992494239974,0.0,0.0,0.0,7222.122235479071,8469.527248747254,0.0,0.0,9722.517057096675
313,9513.307206202613,0.0,0.0,0.0,0.0,0.0,9412.676286992153,0.0,0.0,0.0,0.0,3973.6660345474857,0.0,10848.138257748393,0.0,0.0,0.0,5407.508737474304,8277.039926154368,0.0,0.0,8383.757695599556
314,8874.504344942132,0.0,0.0,0.0,0.0,0.0,7357.431985041531,0.0,0.0,0.0,0.0,3842.288831377237,0.0,10848.138257748393,0.0,0.0,0.0,5407.508737474304,8277.039926154368,0.0,0.0,8383.757695599556
315,8518.408805774308,0.0,0.0,0.0,0.0,0.0,7357.431985041531,0.0,0.0,0.0,0.0,3842.288831377237,0.0,8495.290470608565,0.0,0.0,0.0,3931.1409215481494,8083.013202427793,0.0,0.0,4375.717832597228
316,8518.408805774308,0.0,0.0,0.0,0.0,0.0,6734.410854354171,0.0,0.0,0.0,0.0,2469.8990957466026,0.0,8495.290470608565,0.0,0.0,0.0,3931.1409215481494,7034.24342058628,0.0,0.0,4375.717832597228
317,6374.52677515354,0.0,0.0,0.0,0.0,0.0,6734.410854354171,0.0,0.0,0.0,0.0,2469.8990957466026,0.0,7385.404788681226,0.0,0.0,0.0,3880.069853533758,5530.860871438234,0.0,0.0,4151.598281483313
318,6374.52677515354,0.0,0.0,0.0,0.0,0.0,5427.803523596119,0.0,0.0,0.0,0.0,2346.222842108379,0.0,7385.404788681226,0.0,0.0,0.0,2617.235036557432,3120.4903979854503,0.0,0.0,3677.7801227858567
319,4350.7354484840125,0.0,0.0,0.0,0.0,0.0,5427.803523596119,0.0,0.0,0.0,0.0,2294.6211144397284,0.0,4466.355912841249,0.0,0.0,0.0,2617.235036557432,2112.9434553982264,0.0,0.0,3677.7801227858567
320,1633.1501782779574,0.0,0.0,0.0,0.0,0.0,5070.471377386952,0.0,0.0,0.0,0.0,1449.3557721482418,0.0,4466.355912841249,0.0,0.0,0.0,1728.5597368220374,2112.9434553982264,0.0,0.0,2375.8962903389397
321,1379.4552871231137,0.0,0.0,0.0,0.0,0.0,1445.81811253235,0.0,0.0,0.0,0.0,974.321182199711,0.0,3226.207079711658,0.0,0.0,0.0,1415.4663454418956,1807.4872453111466,0.0,0.0,2375.8962903389397
322,1379.4552871231137,0.0,0.0,0.0,0.0,0.0,832.4421456611868,0.0,0.0,0.0,0.0,974.321182199711,0.0,3226.207079711658,0.0,0.0,0.0,1415.4663454418956,1807.4872453111466,0.0,0.0,654.7960131376557
323,708.0471743460488,0.0,0.0,0.0,0.0,0.0,832.4421456611868,0.0,0.0,0.0,0.0,3.725110690275091,0.0,59.8995692430085,0.0,0.0,0.0,419.50360322336326,1350.135771273202,0.0,0.0,477.3475019842563
324,0.6613787683044828,0.0,0.0,0.0,0.0,0.0,0.003976825014159795,0.0,0.0,0.0,0.0,0.32883501545141536,0.0,0.7681995909542383,0.0,0.0,0.0,0.00031206589379630155,0.0002963189760135582,0.0,0.0,0.0027486088807598752
325,0.00042605635948006053,0.0,0.0,0.0,0.0,0.0,0.001347720109400715,0.0,0.0,0.0,0.0,0.32883501545141536,0.0,0.7027968892114905,0.0,0.0,0.0,0.00024330790422002314,0.00010905614504235366,0.0,0.0,0.00022506061456466228
326,0.00010743691936375405,0.0,0.0,0.0,0.0,0.0,0.001347720109400715,0.0,0.0,0.0,0.0,0.05184547089313229,0.0,0.7027968892114905,0.0,0.0,0.0,0.00024330790422002314,0.00010905614504235366,0.0,0.0,0.00022506061456466228
327,4.8520627681385786e-05,0.0,0.0,0.0,0.0,0.0,0.00013840460723483147,0.0,0.0,0.0,0.0,0.006755653358812857,0.0,0.05246689819240938,0.0,0.0,0.0,0.00018745436483363114,1.7756597558097355e-05,0.0,0.0,7.588738523096535e-05
328,3.178805240728861e-05,0.0,0.0,0.0,0.0,0.0,6.48944305009943e-05,0.0,0.0,0.0,0.0,0.0005188449514305978,0.0,0.05246689819240938,0.0,0.0,0.0,8.117112293740593e-05,6.334770295958143e-06,0.0,0.0,5.595888317731637e-05
329,3.056248287407997e-05,0.0,0.0,0.0,0.0,0.0,6.48944305009943e-05,0.0,0.0,0.0,0.0,0.00015428929601574325,0.0,0.03573368132528017,0.0,0.0,0.0,7.273332679955855e-05,6.334770295958143e-06,0.0,0.0,3.448862243868275e-05
330,3.056248287407997e-05,0.0,0.0,0.0,0.0,0.0,1.670664192490757e-05,0.0,0.0,0.0,0.0,0.00015428929601574325,0.0,0.0016297966025355121,0.0,0.0,0.0,7.273332679955855e-05,6.001233129830219e-06,0.0,0.0,3.448862243868275e-05
331,1.1138036324641765e-05,0.0,0.0,0.0,0.0,0.0,1.670664192490757e-05,0.0,0.0,0.0,0.0,0.00013278776219696384,0.0,0.0007589599222612675,0.0,0.0,0.0,2.3458746506777795e-05,1.0637072713595857e-06,0.0,0.0,1.3377859467232046e-05
332,1.1138036324641765e-05,0.0,0.0,0.0,0.0,0.0,5.849037220320871e-06,0.0,0.0,0.0,0.0,6.293354104065842e-05,0.0,0.0007589599222612675,0.0,0.0,0.0,2.3458746506777795e-05,3.890156731239068e-09,0.0,0.0,1.3377859467232046e-05
333,4.54355719081336e-06,0.0,0.0,0.0,0.0,0.0,2.144186210527599e-06,0.0,0.0,0.0,0.0,4.6757303911484926e-05,0.0,0.00023562587159861554,0.0,0.0,0.0,1.021773734421861e-05,3.41650549858824e-09,0.0,0.0,1.539596325323556e-06
334,4.54355719081336e-06,0.0,0.0,0.0,0.0,0.0,5.848730647838631e-08,0.0,0.0,0.0,0.0,2.581712319872543e-05,0.0,0.00023562587159861554,0.0,0.0,0.0,1.250303128333072e-06,1.195822812574866e-09,0.0,0.0,9.850615348903222e-07
335,2.919977951539369e-06,0.0,0.0,0.0,0.0,0.0,2.0149330545049538e-09,0.0,0.0,0.0,0.0,2.581712319872543e-05,0.0,5.2195260940510164e-05,0.0,0.0,0.0,8.237612359044236e-07,1.195822812574866e-09,0.0,0.0,1.0444750172974401e-08
336,6.225483920752125e-10,0.0,0.0,0.0,0.0,0.0,1.427797989725498e-09,0.0,0.0,0.0,0.0,1.7934079222507567e-05,0.0,5.119324351673721e-05,0.0,0.0,0.0,3.972027108889088e-09,4.691032132860027e-10,0.0,0.0,1.5594506751508656e-09
337,1.4184028915695546e-09,0.0,0.0,0.0,0.0,0.0,4.446426692994535e-10,0.0,0.0,0.0,0.0,1.7934079222507567e-05,0.0,5.119324351673721e-05,0.0,0.0,0.0,8.355211498095652e-10,1.7968294518982718e-10,0.0,0.0,9.236482345787714e-10
338,1.4184028915695546e-09,0.0,0.0,0.0,0.0,0.0,5.5067542544598163e-11,0.0,0.0,0.0,0.0,5.045464125574693e-10,0.0,4.31980911692399e-06,0.0,0.0,0.0,1.0689889349071991e-10,1.7968294518982718e-10,0.0,0.0,9.236482345787714e-10
339,3.9636047557249e-09,0.0,0.0,0.0,0.0,0.0,5.5067542544598163e-11,0.0,0.0,0.0,0.0,3.4427578572919266e-11,0.0,3.1815328246880035e-05,0.0,0.0,0.0,4.6967928590838115e-11,5.05668119473135e-11,0.0,0.0,7.588983206786174e-11
